"Accuracy";"Brier";"Acc_high";"Coverage";"Markers95"
"MAE1a";0.00524;0.00048;0.00439;0.00877;5
"MAE1b";0.00175;0.00014;0.01724;0.00526;3
"MAE2a";0.00202;0.00026;0.02135;0.00175;3
"MAE2b";0.00356;0.00024;0.00513;0.00702;4
